agent,agent_path,agent_mtime
aspl,source/ice_offline/agent/aspl.py,1784736917.6906786
aspl_c,source/ice_offline/agent/aspl_c.py,1784018860.2534056
aspl_gp,source/ice_offline/agent/aspl_gp.py,1784202607.2433748
bc,source/ice_offline/agent/bc.py,1782794022.1788964
cql,source/ice_offline/agent/cql.py,1783915264.2770967
iql,source/ice_offline/agent/iql.py,1782794022.2878957
scas,source/ice_offline/agent/scas.py,1784550280.4995978
scas_gp,source/ice_offline/agent/scas_gp.py,1784201927.5718198
scas_gpn,source/ice_offline/agent/scas_gpn.py,1784195922.2754567
scas_n,source/ice_offline/agent/scas_n.py,1784703326.2021632
scaspl,source/ice_offline/agent/scaspl.py,1784739867.0986953
scaspl_c,source/ice_offline/agent/scaspl_c.py,1784739867.0996952
scaspl_gp,source/ice_offline/agent/scaspl_gp.py,1784739867.0996952
scaspl_gpc,source/ice_offline/agent/scaspl_gpc.py,1784739867.0996952
scaspl_n,source/ice_offline/agent/scaspl_n.py,1784739867.0986953
scaspl_nc,source/ice_offline/agent/scaspl_nc.py,1784739867.0996952
scc,source/ice_offline/agent/scc.py,1784359378.3989906
scc_gp,source/ice_offline/agent/scc_gp.py,1784202607.3143742
scc_gpn,source/ice_offline/agent/scc_gpn.py,1784120443.020715
scc_n,source/ice_offline/agent/scc_n.py,1783914967.242309
td3bc,source/ice_offline/agent/td3bc.py,1784195474.9738448
td3bc_gp,source/ice_offline/agent/td3bc_gp.py,1784202607.2063751
td3bc_gp_plus,,
td3bc_gpn,source/ice_offline/agent/td3bc_gpn.py,1784195475.097844
td3bc_n,source/ice_offline/agent/td3bc_n.py,1784018860.2535148
td3bc_plus,,
